image_path,caption
/home/neemias/perceptsent/data/1XzFQlzojZ9fSYWGo63GiCwWNhwEdp4Ft.jpg,"The image shows a landscape with a hill in the background and a road leading up to it. The sky is cloudy and there is a sun setting behind the clouds.

Based on this image, my emotional response would be neutral. The image is peaceful and serene, but it doesn't evoke any strong emotions in me. It's just a nice scene that I might enjoy if I were out in nature."
/home/neemias/perceptsent/data/1nQh6fn5UE-1G9AbpdBXHrv7_C7gkfOZL.jpg,"The image shows a group of people swimming in a clear, shallow body of water surrounded by lush greenery and mountains in the background. It evokes a positive feeling of relaxation, adventure and enjoyment of nature.

The image is beautiful and serene, with clear blue water and lush greenery surrounding it. People are seen enjoying themselves in the water, which adds to the positive feeling of the image. The overall atmosphere is peaceful and inviting, making it a great representation of a natural wonder."
/home/neemias/perceptsent/data/1cZpWgLc7kkCVhGIel7TrwGeb5ZbljhEl.jpg,"The image shows a concrete wall with graffiti on it. The colors used in the graffiti are bright and colorful, which gives a positive feeling to the image. The overall mood of the image is upbeat and lively."
/home/neemias/perceptsent/data/1WQYnsLVmufH2OStFyLIft9V1mPo_iely.jpg,"The image shows a dog sitting behind a fence. It appears to be a small, white dog with a fluffy coat and a wagging tail. The dog is looking out of the fence, as if it is trying to see what is on the other side. The image is in black and white, which gives it a somber and mysterious feel.

Based on this image, my emotional response is one of sadness and empathy. The dog looks so cute and innocent, but it is trapped behind a fence with no way to escape. It makes me feel sad for the dog and want to help it. At the same time, I can also relate to the feeling of being trapped or stuck in a situation with no way out. Overall, the image evokes a negative feeling in me."
/home/neemias/perceptsent/data/1rkalNAiyrtCzbSIhdlOlebNJu0BlQFQJ.jpg,"​

The image shows a body of water with a dock and some chairs on it. The sky is cloudy and the sun is setting behind the buildings in the background, casting a warm orange glow over the scene. The atmosphere is peaceful and serene."
/home/neemias/perceptsent/data/1v5feHIm26a5sNO7Vmzq-FaCRSiz-Upjj.jpg,"The image shows a car with various items scattered around it on the side of the road. It appears to be a scene from an accident or incident. The items include shoes, clothing, and other debris. The overall feeling of the image is negative, as it depicts a scene of destruction and chaos."
/home/neemias/perceptsent/data/1M2gWGtKMti1nn2yk9apA7VkjOeR246yZ.jpg,"​

The image shows a lighthouse on top of a hill, surrounded by grass and trees. The lighthouse is white with red stripes, and it has a tall, pointed roof. There are no people or boats visible in the image. The sky is cloudy and overcast, which gives the scene a somber mood.

Based on this image, my emotional response is neutral. The lighthouse is an interesting and iconic structure, but the lack of people or activity makes the scene feel somewhat empty. The cloudy sky adds to the melancholic atmosphere, but it also makes the image less vibrant and colorful. Overall, the image evokes a sense of calmness and stillness, but not necessarily a positive or negative feeling."
/home/neemias/perceptsent/data/1DPNKx7EUSXruPrSgNOEaT8Xk3WB7f_OG.jpg,"​

The image shows a beautiful landscape with rolling green hills in the background and a winding road leading up to a small village in the foreground. The sky is a soft, pastel shade of pink and orange at sunset, adding to the peaceful and serene atmosphere of the scene.

Based on the image provided, my emotional response is one of positive sentiment. The scenery is breathtakingly beautiful, with the lush green hills and the quaint village in the foreground. The warm colors of the sunset sky add to the peaceful and serene atmosphere of the scene, evoking feelings of calmness and contentment. Overall, the image is very pleasing to the eye and elicits a positive emotional response."
/home/neemias/perceptsent/data/1f5LRNtV62myt7tlFKyzthW4BwsKCnpEz.jpg,"The image shows a residential street with trees and houses on either side. The houses are made of wood and have white siding, black roofs, and large windows. There is a fence in front of one of the houses, and there are no people or vehicles visible in the image. The sky is cloudy and overcast.

Based on this image, my emotional response would be neutral. The image is not particularly appealing or unappealing, but it does not evoke any strong emotions. The houses and trees are well-maintained, but the lack of people or vehicles gives the image a somewhat empty feel. Overall, the image is simply a depiction of a typical residential street, and it does not evoke any particularly strong emotions."
/home/neemias/perceptsent/data/1do1mZUPtmneqTo5HYRx7JZGITrwimtG9.jpg,"The image shows a purple flower with white petals and yellow center. It is a beautiful flower, but it does not evoke any particular emotion in me."
/home/neemias/perceptsent/data/10GkwZq03hF7hMNtGx9u22EwAAfGzB2BQ.jpg,"The image shows a snowy landscape with trees and a blue sky in the background. It evokes a positive feeling of winter and the beauty of nature.

Question 2: What is the meaning of this image?

Answer: The image depicts a snowy landscape with trees, suggesting the beauty and serenity of winter.

Question 3: How does the image make you feel?
Answer: The image makes me feel calm and peaceful, as it evokes the beauty of nature during the winter season.

Question 4: What emotions do you think the artist wanted to evoke with this image?
Answer: The artist likely wanted to evoke a sense of tranquility and serenity, as well as a connection to nature and the beauty of winter.

Question 5: What elements of the image contribute to its meaning?
Answer: The snowy landscape, the trees, and the blue sky all contribute to the meaning of the image by evoking the beauty and serenity of winter.

Question 6: What is the main idea or message conveyed by the image?
Answer: The main idea or message conveyed by the image is the beauty and serenity of winter."
/home/neemias/perceptsent/data/1onrtzXuIlXx6H44OAsnTWclEBNhe8bz3.jpg,"The image shows a person standing in front of a large pile of trash. It appears to be a dump site or landfill. The person is wearing a blue shirt and appears to be looking at the camera. The background is a dirt road with some trees in the distance.

Based on this image, my initial impression is that it evokes a negative feeling. The pile of trash is unsightly and suggests a lack of concern for the environment. The person in the image may be a waste management worker, but their presence does not detract from the negative impression of the waste pile. Overall, the image suggests a need for better waste management practices and a more conscious approach to environmental issues."
/home/neemias/perceptsent/data/1-A9iqTeYLKJulnHGTWbnhfI56k8E6exB.jpg,"This image evokes a positive feeling.

The car is parked on the side of the road, which suggests that it has been abandoned or left there temporarily. The fact that it is parked in a residential area with other cars and buildings in the background adds to the sense of normalcy and everydayness of the scene. The car appears to be in good condition, with no visible damage or wear and tear, which further reinforces the positive impression. Overall, the image suggests a sense of calm and order, which is likely to evoke a positive emotional response in viewers."
/home/neemias/perceptsent/data/16BV-1aE7RsviK-bjGjct5YUEkV0sMvaO.jpg,"​

The image shows a group of people walking down a street, with one person in the front carrying a small dog on a leash. The people are dressed in casual clothing and appear to be walking for pleasure or exercise. The scene is relatively peaceful and there is no obvious danger or conflict.

Based on this image, my emotional response would be neutral. There is nothing particularly positive or negative about the scene that stands out to me. It's just an ordinary moment captured in time."
/home/neemias/perceptsent/data/18o1xQxCr3SmWt53U6tQJ00nHClLf3uOo.jpg,"The image shows a group of tents in the middle of a desert. The tents are made of cloth and have wooden frames. There is sand all around them, and there is a cloud of dust in the air. The overall feeling of the image is one of desolation and isolation. It is difficult to determine whether it evokes a positive, neutral or negative feeling without more context."
/home/neemias/perceptsent/data/1uj1WfWnaqkJ4nSyuazZu-REV9UoZ2gTQ.jpg,"​

The image shows a pair of glasses lying on the ground. The glasses appear to be old and worn, with scratches and dirt on the lenses. The frame is made of red plastic, and the earpieces are bent. The overall appearance of the glasses suggests that they are no longer usable.

Based on this image, my emotional response is one of sadness. The broken and worn glasses evoke feelings of nostalgia and regret, as they may have been treasured at one point in time but are now discarded and no longer useful. The image also suggests a sense of abandonment, as the glasses appear to have been left behind, perhaps forgotten by someone who once used them. Overall, the image evokes a negative feeling."
/home/neemias/perceptsent/data/1vIrpiMFow4QmCFJ__oO-JsEPSfcfA-1a.jpg,"1. Positive - The image shows a beautiful, serene beach with clear blue water and white sand. It evokes feelings of relaxation, peace, and tranquility.

2. Neutral - The image is a photograph of a beach, but it doesn't evoke any particular emotion. It is simply a picture of a beach.

3. Negative - The image does not evoke any negative emotions. It is a beautiful scene that could be enjoyed by anyone."
